{
	"info": {
		"_postman_id": "59b16528-d0d3-4894-a404-564f251dc224",
		"name": "Agreena",
		"schema": "https://schema.getpostman.com/json/collection/v2.1.0/collection.json",
		"_exporter_id": "1407257"
	},
	"item": [
		{
			"name": "Users",
			"item": [
				{
					"name": "Create a User",
					"request": {
						"auth": {
							"type": "bearer",
							"bearer": [
								{
									"key": "token",
									"value": "eyJhbGciOiJIUzI1NiIsInR5cCI6IkpXVCJ9.eyJpZCI6ImEwYjU5MDlkLTQ1YjEtNDEzZC1iYWMyLWMxNTY0Mzk1YjdjOCIsImVtYWlsIjoia3VudEBmdXJiby5jb20iLCJpYXQiOjE2NzMyNjAzNTUsImV4cCI6MTY3MzI2MTU1NX0.IiVhc73RsniLgKGznQI88fi8s7_pjcXdQB4STyCi9l8",
									"type": "string"
								}
							]
						},
						"method": "POST",
						"header": [],
						"body": {
							"mode": "raw",
							"raw": "{\n    \"email\": \"peder@kristian2.nielsen\",\n    \"password\": \"123456\",\n    \"address\": \"Peder Kristian Nielsen\"\n}",
							"options": {
								"raw": {
									"language": "json"
								}
							}
						},
						"url": {
							"raw": "http://localhost:3000/api/v1/users",
							"protocol": "http",
							"host": [
								"localhost"
							],
							"port": "3000",
							"path": [
								"api",
								"v1",
								"users"
							]
						}
					},
					"response": []
				},
				{
					"name": "Login",
					"request": {
						"method": "POST",
						"header": [],
						"body": {
							"mode": "raw",
							"raw": "{\n    \"email\": \"kunt@furbo.com\",\n    \"password\": \"123456\"\n}",
							"options": {
								"raw": {
									"language": "json"
								}
							}
						},
						"url": {
							"raw": "http://localhost:3000/api/v1/auth/login",
							"protocol": "http",
							"host": [
								"localhost"
							],
							"port": "3000",
							"path": [
								"api",
								"v1",
								"auth",
								"login"
							]
						}
					},
					"response": []
				}
			]
		},
		{
			"name": "Farms",
			"item": [
				{
					"name": "List All Farms",
					"request": {
						"auth": {
							"type": "bearer",
							"bearer": [
								{
									"key": "token",
									"value": "eyJhbGciOiJIUzI1NiIsInR5cCI6IkpXVCJ9.eyJpZCI6ImEwYjU5MDlkLTQ1YjEtNDEzZC1iYWMyLWMxNTY0Mzk1YjdjOCIsImVtYWlsIjoia3VudEBmdXJiby5jb20iLCJpYXQiOjE2NzMyNjAzNTUsImV4cCI6MTY3MzI2MTU1NX0.IiVhc73RsniLgKGznQI88fi8s7_pjcXdQB4STyCi9l8",
									"type": "string"
								}
							]
						},
						"method": "GET",
						"header": [],
						"url": {
							"raw": "http://localhost:3000/api/v1/farms",
							"protocol": "http",
							"host": [
								"localhost"
							],
							"port": "3000",
							"path": [
								"api",
								"v1",
								"farms"
							],
							"query": [
								{
									"key": "order",
									"value": "driving_distance",
									"disabled": true
								},
								{
									"key": "outliers",
									"value": "true",
									"disabled": true
								},
								{
									"key": "order",
									"value": "name",
									"disabled": true
								}
							]
						}
					},
					"response": []
				},
				{
					"name": "Create a farm",
					"request": {
						"auth": {
							"type": "bearer",
							"bearer": [
								{
									"key": "token",
									"value": "eyJhbGciOiJIUzI1NiIsInR5cCI6IkpXVCJ9.eyJpZCI6ImEwYjU5MDlkLTQ1YjEtNDEzZC1iYWMyLWMxNTY0Mzk1YjdjOCIsImVtYWlsIjoia3VudEBmdXJiby5jb20iLCJpYXQiOjE2NzMyNjE2NDEsImV4cCI6MTY3MzI2Mjg0MX0.Hw4Xk4tKlFtU4V644WP-Uxq3fGz8XffwpPU3dSxdiRU",
									"type": "string"
								}
							]
						},
						"method": "POST",
						"header": [],
						"body": {
							"mode": "raw",
							"raw": "{\n    \"name\": \"AAA\",\n    \"address\": \"Copenhagen\",\n    \"size\": \"1234\",\n    \"yield\": \"250\"\n}",
							"options": {
								"raw": {
									"language": "json"
								}
							}
						},
						"url": {
							"raw": "http://localhost:3000/api/v1/farms",
							"protocol": "http",
							"host": [
								"localhost"
							],
							"port": "3000",
							"path": [
								"api",
								"v1",
								"farms"
							]
						}
					},
					"response": []
				},
				{
					"name": "Update a farm",
					"request": {
						"auth": {
							"type": "bearer",
							"bearer": [
								{
									"key": "token",
									"value": "eyJhbGciOiJIUzI1NiIsInR5cCI6IkpXVCJ9.eyJpZCI6ImEwYjU5MDlkLTQ1YjEtNDEzZC1iYWMyLWMxNTY0Mzk1YjdjOCIsImVtYWlsIjoia3VudEBmdXJiby5jb20iLCJpYXQiOjE2NzMyNjE2NDEsImV4cCI6MTY3MzI2Mjg0MX0.Hw4Xk4tKlFtU4V644WP-Uxq3fGz8XffwpPU3dSxdiRU",
									"type": "string"
								}
							]
						},
						"method": "PATCH",
						"header": [],
						"body": {
							"mode": "raw",
							"raw": "{\n    \"address\": \"Randers\"\n}",
							"options": {
								"raw": {
									"language": "json"
								}
							}
						},
						"url": {
							"raw": "http://localhost:3000/api/v1/farms/d667ddaf-ca25-48a4-a95a-5fcd9716fa96",
							"protocol": "http",
							"host": [
								"localhost"
							],
							"port": "3000",
							"path": [
								"api",
								"v1",
								"farms",
								"d667ddaf-ca25-48a4-a95a-5fcd9716fa96"
							]
						}
					},
					"response": []
				},
				{
					"name": "Delete a farm",
					"request": {
						"auth": {
							"type": "bearer",
							"bearer": [
								{
									"key": "token",
									"value": "eyJhbGciOiJIUzI1NiIsInR5cCI6IkpXVCJ9.eyJpZCI6ImEwYjU5MDlkLTQ1YjEtNDEzZC1iYWMyLWMxNTY0Mzk1YjdjOCIsImVtYWlsIjoia3VudEBmdXJiby5jb20iLCJpYXQiOjE2NzMyNjE2NDEsImV4cCI6MTY3MzI2Mjg0MX0.Hw4Xk4tKlFtU4V644WP-Uxq3fGz8XffwpPU3dSxdiRU",
									"type": "string"
								}
							]
						},
						"method": "DELETE",
						"header": [],
						"url": {
							"raw": "http://localhost:3000/api/v1/farms/d667ddaf-ca25-48a4-a95a-5fcd9716fa96",
							"protocol": "http",
							"host": [
								"localhost"
							],
							"port": "3000",
							"path": [
								"api",
								"v1",
								"farms",
								"d667ddaf-ca25-48a4-a95a-5fcd9716fa96"
							]
						}
					},
					"response": []
				}
			]
		}
	]
}